strategy,ann_return,ann_vol,sharpe,sortino,calmar,max_dd,max_dd_duration,turnover
Regime-Adaptive,0.12028080950704108,0.1379742178296504,0.7779629880463287,0.744435655758773,0.625519065131172,-0.1922895978907023,218,3.883637981678108
Vol Targeting,0.07175322513991973,0.12168305253241542,0.48331504827528565,0.44463020313306945,0.32756136480033,-0.21905277255044409,521,0.0
MA Timing (200d),0.1564382351212248,0.1139495188524348,1.2592967643516069,1.289450301333202,1.4631274333086146,-0.10692044422095637,169,0.0
Risk Parity,0.07859306102752821,0.143774970817345,0.45662388886867944,0.42386192096563874,0.19720012400680376,-0.39854468359673345,534,0.0
Drawdown Control,0.15783711218655927,0.11506906110408166,1.2592015270253072,1.2516047349588164,1.871098647242361,-0.08435531307725586,157,0.0
SPY (Buy & Hold),0.11793290920389499,0.17978476636925064,0.5839812604441041,0.5439483511796379,0.28274236577871725,-0.4171037788379859,512,0.0
