universe,strategy_sharpe,strategy_return,strategy_vol,strategy_max_dd,strategy_calmar,strategy_turnover,ew_sharpe,ew_return,ew_max_dd,benchmark_sharpe
Multi-Asset,0.2816649694787051,0.03384513287345564,0.07421284294320016,-0.2290787968860994,0.14774450247476997,3.8696648777652256,0.25956264521575667,0.0419891266947036,-0.25067840676105146,0.5839812604441037
International,0.2153831125644059,0.05006143341919862,0.17234154640219335,-0.44921389288811764,0.11144230891288807,4.299551532429069,0.1108076535539628,0.03626172001297718,-0.5831893521685872,0.5839812604441037
Factor,0.7924300285429113,0.09870884859974152,0.10782816616568824,-0.19066657357016825,0.5177040041757248,2.81909516507683,0.5094305155078346,0.08484660169819296,-0.44409045175784156,0.3667679288910425
